carerID,firstName,lastName,phoneNumber,emailAddress
11841,Imelda,Fleming,022-483-9552,quam@google.edu
56234,Florence,Stein,022-258-8715,bibendum.ullamcorper@icloud.com
65647,Gwendolyn,Love,022-443-1264,tincidunt.aliquam@icloud.com
96144,Colin,Valentine,021-472-1312,quisque.ac.libero@yahoo.org
11523,Shaeleigh,Soto,022-175-1115,lectus.nullam@hotmail.org
45891,Slade,Rojas,021-768-1283,quis.diam.luctus@google.net
33487,Jared,Benjamin,673-6431,sociis.natoque.penatibus@aol.edu
42628,Adena,Byrd,027-505-8771,mauris@hotmail.couk
64194,Hedy,Berry,022-326-2321,amet.ultricies@hotmail.couk
86932,Acton,Ramos,021-447-4775,metus.vitae@aol.com
37402,Elliott,Walls,774-8756,ultrices@icloud.net
48701,Aladdin,Dillon,022-422-5211,sed.pharetra.felis@protonmail.couk
91917,Patience,Petty,857-7223,semper@google.couk
15848,Zia,Howe,027-836-5484,arcu.sed.et@icloud.com
88428,Ivy,Le,027-282-1366,sed.consequat.auctor@protonmail.net
58974,Christen,Bender,694-8815,nascetur.ridiculus.mus@hotmail.edu
59856,Omar,Salinas,021-714-4959,litora@icloud.couk
93291,Quyn,Stephenson,027-521-4601,malesuada.vel.venenatis@icloud.edu
45612,Shana,Petersen,021-265-4337,aliquet@protonmail.com
71323,Hilary,Santana,022-871-4967,magna.praesent.interdum@icloud.couk
